email,tp_name
fyctest5401+p73i@gmail.com,Machine Learning Workshop teef5wwz0r
fyctest5401+gjvb@gmail.com,CodeHive Academy jx82i1rz58
fyctest5401+t7x3@gmail.com,GIAIC 99awmhtmrz
fyctest5401+pzoc@gmail.com,Machine Learning Workshop z8wsvazf82
fyctest5401+mjlm@gmail.com,MIT Open Learning vz4s387ciq
fyctest5401+hrn3@gmail.com,Python Programming School g6j95szdpu
fyctest5401+dom2@gmail.com,Habib University qyfylp0kfm
fyctest5401+4d16@gmail.com,MIT Open Learning 0kkneriw0a
fyctest5401+etdi@gmail.com,Python Programming School 4hog96c4b0
fyctest5401+txk6@gmail.com,NED University 1nb0n57occ
fyctest5401+h6tz@gmail.com,Aptech dz07hkxfoy
fyctest5401+2obo@gmail.com,Digital Skills Foundation g05hq5uxb7
fyctest5401+xy7d@gmail.com,MIT Open Learning 9f3vnbx4pt
fyctest5401+nsaf@gmail.com,IBA ag31lxxdhy
fyctest5401+u38y@gmail.com,Digital Skills Foundation ctjo0fcbw9
fyctest5401+u61x@gmail.com,Code for Pakistan edsjlf03hr
fyctest5401+0qhb@gmail.com,Iqra University o4hqcny3nj
fyctest5401+4sml@gmail.com,IBA ucwfor7sdb
fyctest5401+8x1d@gmail.com,Digital Skills Foundation obefnf1wyj
fyctest5401+v0tc@gmail.com,Digital Skills Foundation qvriukqt0p
fyctest5401+2qyo@gmail.com,NED University t6ibwyfazz
fyctest5401+v2yk@gmail.com,Mobile App Institute 2dfzkrqm8f
fyctest5401+1sxi@gmail.com,IoT Innovation Lab 56s40dl3py
